bvid,title,tags,author
BV1soZJYUEKd,前8天：穿越罗布泊无人区  第9天：主角突然换人,社科·法律·心理,央视新闻
BV1BtZJYBE4G,震撼世界的72天：巴黎公社为何爆发？又为何失败？【历史调研室71】,人文历史,历史调研室
BV1w6ZEYrEsb,"为什么中国人对一道菜的最高评价是""下饭""?",科学科普,赛博食录
BV1twZ4YzEmv,深度|| 香火之战，车迟国的教皇实验,人文历史,渤海小吏
BV1wFZ8YBEt4,为什么人类需要不断吃盐，而动物们却不用？,科学科普,行者道荣
BV1EPZEYKEvW,垃圾场上的妙妙屋【日本世博会】,人文历史,队友去质器
BV17TZEYPEug,快递怎么寄能更便宜？#涨知识 #生活小妙招 #寄快递省钱的技巧,野生技能协会,曹老撕测评
BV19oZ8YbEPy,现场实验：黄河边硬地变淤泥，看起来安全却暗藏凶险，千万要警惕！,人文历史,人民日报
BV1WVfcYFEiX,【罗翔】张三侮辱骨灰到底犯不犯法？法律人为何这么“抠字眼”？,社科·法律·心理,罗翔说刑法
BV1YqZJYaE7L,现场再抽200万美元！马斯克摇摆州大撒币民主党如何对敌？,社科·法律·心理,波士顿圆脸
BV1cyZnY2Ehg,乱象丛生？日本老龄消防队能有多奇葩？,人文历史,世界见闻录
BV1Y9fwYDEyJ,“甲亢哥”成都行全程“OMG”【不完整合集】,人文历史,新华社
BV1GXZAY7EWe,「解三角形」常考题型！基础到进阶！,校园学习,一数
BV1ThZnYxEZi,被架空的皇帝能一刀捅死权臣吗,人文历史,许右史
BV1P1ZiYwEBC,雷军旁边的员工火了，高情商得到雷总赞赏,社科·法律·心理,懂一點人情世故
BV1Pho9YrEre,美国刹不住的贸易逆差，根本原因是什么?,财经商业,小Lin说
BV1tDZJYXEJH,【十大产业】中国石化产业：最深的道路，最后的顽石（下）,科学科普,温竣岩
BV1e9Z8YhEz3,马斯克突然辞职，但凡当初看点中国历史，也不至于被犹太人算计而不自知,财经商业,财才说
BV1YGZqYkEc6,美国每周向巴拿马投放活苍蝇,科学科普,多奇探秘
BV1gCZbYJEvf,在赤壁狂吟《念奴娇·赤壁怀古》，苏轼坑死我了！！,人文历史,有山先生
BV1QJodYdEWV,如何在人质营救行动中、用“拐弯枪”来扭转不利战局？,科学科普,白菜和杜比
BV1xgZhYSESr,国际人道救援人员加沙遭袭身亡,社科·法律·心理,联合国
BV1q3ZnYuE2C,老大南团队挑战用古老的翻砂工艺制作我的世界钻石剑,野生技能协会,老大南
BV12sZqYeEvD,铁甲小宝当年没发现的细节，暴走轮子嫌疑犯,人文历史,燚病毒
BV1W5fAYTEXS,除了朝阳群众，北京朝阳还有什么？,科学科普,星球研究所
BV1GWZnYcEYX,他们，是唐朝最大的遗憾！,人文历史,海棠家的大肥鱼
BV1jsZ4Y9Exi,液压机挤压纸张，纸张为什么会爆裂？ #科普 #解压 #液压机 #压力 #冷知识,科学科普,好奇万花筒
BV1bPZhY9EUE,马斯克辞职！斯克变法，最终还是变成了百日维新！,财经商业,淘沙博士
BV1x9ZJYDEot,拳打文在寅，脚踩尹锡悦，热血老头李在明的晋升之路,人文历史,卢克文工作室
BV16dZiYWEms,【JUMP】新《白雪公主》还是不够大胆,财经商业,暴躁的仙人JUMP
BV17WZ4YsEiX,2025全球最全电脑故障解决指南,数码,喵喵折-好物清单
BV1sGZbY6EoW,蒙德：高清重置,计算机技术,ferrari044
BV11eZ8YLEZ6,再见，Switch……,数码,贪玩歌姬小宁子
BV11PZsY8EtB,我国首个脑机接口指导价发布，震惊世界科技和医学两界,计算机技术,科技日常
BV1tnZqYTEx6,手机续航大横评！到底谁的电池最耐用？,数码,极客湾Geekerwan
BV1cUoDYaEdb,语音、画图、PPT、联动全网，我这个完美版的DeepSeek，你们都没有用过！,软件应用,玄离199
BV1KXZJYpEut,【2025年4月电脑装机配置推荐】不做无脑推荐！24套高性价比主机！含5060以及5060TI方案！新手小白预算3-36K怎么装机？含显卡游戏性能天梯图！,数码,和微论件
BV1nYZcYpEco,首次揭秘，影视飓风百人团建幕后！,数码,影视飓风
BV1gEodYtEBL,小米良心 or 偷偷减配？报废级拆解小米中央空调,数码,先看评测
BV1CaZxYFEFG,【iPhone用户必看】一定要升级到iOS18.4正式版！feat. 25+ 新功能｜大耳朵TV,数码,大耳朵TV
BV15tZPYWEUh,「小白」OPPO Find X8新系列全开箱 极窄边很亮眼！,数码,小白测评
BV1ttZzYgEF9,硬控你两分钟,科工机械,山西定襄锻造厂
BV13bZpYvEDr,81192，你的《夙愿》已超额实现！请返航！,科工机械,央视军事
BV1JNZnYVEQc,「2025愚人节」 那些不存在的手机又双叒发布啦！,数码,dyxDean
BV15FZGYyEdc,好文采！这篇作文听着听着眼前就全是风景😭,科工机械,共青团中央
BV1x8X6YFEF8,每天认识一个强大的网站【第1期】 一个全面的设备维修教程网站，甚至还有修飞机的教程！,软件应用,趣共享资源
BV1NXfcYYEVq,小米su7高速事故3人遇难,数码,白话频道
BV14KZbYyEE6,「趣看发布会」4月1日独家：赵明回归华为，发布神秘新品。,数码,天才李杰灵
BV1D9ZWYTEvm,友友们，我见到库克啦！！,数码,-欣小萌-
BV1qAZzY4Eyj,华为 Pura X发售第一时间又消费了！今年最惊喜的拆解，全新的9020换封装工艺了，CPU不一样了！,数码,YCS杨长顺
BV1arZJYfE9h,校园网的神秘力量如何阻断你的连接？程序员用实验为你揭晓SNI阻断！,计算机技术,赤川鹤鸣_Channel
BV19uZtYXEC8,【弱水时砂】1亿元以内最强耳机—SpeakerBoom,数码,弱水时砂官方号
BV1pZZ7YgEZ4,【没啥用科技】首届无用设计大赛入围作品发布会,数码,没啥用科技
BV1GtZpYKEPo,游戏开发者大会上，我看见中国游戏厂商在疯狂秀操作【X.PIN】,数码,差评硬件部
BV1kCoxYZEAc,小学生拿到新电脑VS大学生拿到新电脑,计算机技术,黑客老K
BV1TQZhYQESu,#是时候展现真正的技术了 #工程机械设备,科工机械,faty681
BV1qYZJYNEK4,机械师RTX 5080本：机中之霸,数码,阿狸才不是受
BV1ZeZGYnECV,拯救无聊，盒我一起！,极客DIY,黑人黑科技
BV1t1Z7YEEnc,比闺蜜更懂你的母婴级空调，美的无风感空调Pro使用报告,数码,搞机所
BV1LvZhYYEso,强大的网站推荐，今天带你认识5个高能网站,软件应用,老麦的工具库
BV1yK4y1h7wn,【纪录片】《我和我的家乡 电影幕后纪实节目》第4集 土味邓超，暖心霸总！,人文·历史,哔哩哔哩纪录片
BV1at4y1S75N,【纪录片】富豪谷底求翻身 07 小团队大考验,社会·美食·旅行,哔哩哔哩纪录片
BV1vv411q79R,【纪录片】法医密档 07 白骨的倾诉,社会·美食·旅行,哔哩哔哩纪录片
BV1Bp4y1a7XN,【纪录片】《詹姆斯卡梅隆的科幻故事》第4集：黑暗未来,人文·历史,哔哩哔哩纪录片
BV1x54y1R7EU,【守护解放西2】一年不见，任罡警官的普通话进步了吗？,社会·美食·旅行,哔哩哔哩纪录片
BV19a4y1j7oZ,【独家】我和我的家乡 电影幕后纪实节目,社会·美食·旅行,哔哩哔哩纪录片
BV1gJ411q7Uu,【纪录片】百家讲坛之易中天品三国,人文·历史,哔哩哔哩纪录片
BV1RA411a77d,【纪录片】无厘头科学研究所 第七季 18 流体喷射,科学·探索·自然,哔哩哔哩纪录片
BV1Dp4y1r7e4,【亚当的超狂工作室】总宣传片：10月14日 精彩相见！,科学·探索·自然,哔哩哔哩纪录片
BV1vA411e7wS,【纪录片】奇形怪物 第三季 01 怪诞食物,科学·探索·自然,哔哩哔哩纪录片
BV1dV41117ck,【纪录片】《我和我的家乡 电影幕后纪实节目》第3集 梦幻联动：黄渤VS手工耿,社会·美食·旅行,哔哩哔哩纪录片
BV1CV411m7SY,军艺校草沈腾公开唱Rap！带村民劲歌热舞~,社会·美食·旅行,哔哩哔哩纪录片
BV1754y1k7AL,【纪录片】《我们：<夺冠>幕后纪实》01 电影不是模仿秀,人文·历史,哔哩哔哩纪录片
BV1V4411j74o,蟹八件！论如何优雅的将整只大闸蟹吃得干干净净。,社会·美食·旅行,不止音乐吖
BV1mJ411T75p,【纪录片】灵笼：研发记录,人文·历史,哔哩哔哩纪录片
BV1dK4y1f7NK,【我和我的家乡 电影幕后纪实节目】彩蛋 黄渤手工耿试用分分合合床,人文·历史,哔哩哔哩纪录片
BV1UK4y1h7J6,【我和我的家乡 电影幕后纪实节目】邓导片场挑衅孙俪 家庭地位之战谁赢！,人文·历史,哔哩哔哩纪录片
BV1Ty4y1C7tf,【纪录片】故宫新事 第一集 文物搬家,人文·历史,故宫博物院
BV14v411y72K,【纪录片】《我们：<夺冠>幕后纪实》04 新女排上场！,人文·历史,哔哩哔哩纪录片
BV1wf4y1D74K,【纪录片】《嗨，大学！》 第1集 与子同寝,社会·美食·旅行,哔哩哔哩纪录片
BV1fJ411X7tH,【纪录片】百家讲坛之王立群读《史记》秦始皇,人文·历史,哔哩哔哩纪录片
BV1a5411a73D,【纪录片】法医密档 01 显微镜下的真相,社会·美食·旅行,哔哩哔哩纪录片
BV16s411j727,【纪录片】人生一串 第1集 无肉不欢,社会·美食·旅行,哔哩哔哩纪录片
BV1TT4y1w7o4,【纪录片】这就是中国 第75集 新的思想解放,社会·美食·旅行,哔哩哔哩纪录片
BV1Hx411L7xR,原子弹落到日本广岛的那一刻,人文·历史,君未亓
BV1ha4y1L7CK,【我和我的家乡 电影幕后纪实节目】王源变身土味导游，差点没认出来,人文·历史,哔哩哔哩纪录片
BV17y4y1r7UW,【亚当的超狂工作室】第1集 预告：如何打造会飞钢铁侠,科学·探索·自然,哔哩哔哩纪录片
BV134411G7BJ,【动物】地球上最大的狼——加拿大灰狼,社会·美食·旅行,油管杂货铺
BV1ZW411277Z,911事件原拍视频,人文·历史,蹦里个达
BV1Th41197gN,【我和我的家乡 电影幕后纪实节目】花絮3-1：黄渤挑战破釜沉舟跑步机,社会·美食·旅行,哔哩哔哩纪录片
BV17VZpY1ENA,给我们的组合起个名！,翻唱,田一名sir
BV1zKZrYAEi8,20世纪美国乡村经典民谣《阳光彩虹小白马》,演奏,我太高兴了
BV11eZ8Y5EVi,循环歌单|【八方来财】|“【来财の小曲】谁懂憋佬仔出来时的救赎感”,乐评盘点,蛋某人音乐
BV1DDZHYhE59,盘点男组合那些神级翻唱，你最喜欢哪个组合呢？,乐评盘点,小王音乐盘点
BV1RdZEY8E8T,""" 阳 光 唢 呐 小 白 马 """,演奏,浑元Rysn
BV1MXZJYpEuN,向佐VS药水哥！《剑灵2》双人对决mv《灵帧起手》上线,MV,剑灵2
BV1t1Z4YgEcM,【SMTR25】SMTR25 Introduction film_松河,MV,SMTR25
BV1KRZhYSE98,【AI蚊子】恋爱循环,VOCALOID·UTAU,阮念゜
BV16gZpYmEqW,中国唢呐硬控甲亢哥20秒！没有人能逃得过一首《通天大道宽又阔》！,演奏,民乐也疯狂
BV15bZfY3E8B,他们朝我扔泥巴 我拿泥巴种荷花.,音乐综合,我爱吃派大星
BV1e6ZHYMEtS,tia tia 都需要你爱！#不得不爱,翻唱,里湘纯子
BV1vgZrY8Eoo,当我穿越回到小时候遇见小时候的自己时,AI音乐,康养彭于晏
BV1S1oeYbEe1,我们俩吉他弹唱～,演奏,屁屁猪ne
BV1eAZAYDEYC,今天遇到高手了......,演奏,钢琴波波
BV1bdZxYCEXi,盘点2025上半年爆火的9首破亿神曲，很多人听过却不知道歌名!,音乐综合,是青橘啦
BV1FSZnYVE7P,将鬼畜动机编成曲 居然只需要这几步？,演奏,楷智吃饱了
BV1J6ZzYwEJU,声音是从电路板出来的 电路板叫STYLOSETTE 有音色跟效果 就是你链到香蕉上 或者黄瓜上 他也出来这种声 只要物体导电 他就会出声音 物体只是作为一个按键,演奏,那边那个g蛋
BV1YQZxYjEBX,【愚人节直拍团建】以前的不容易，心酸，通过这首歌真的奔向星辰大海了！#黄霄雲 #星辰大海 #黄霄雲广州演唱会,音乐现场,小桔梗live
BV1oko9YAE9C,“胜利之舞”是啥？短短几天播放43亿，网友：太魔性！,乐评盘点,Da圣音乐
BV12uZbYkEo5,一边打BBOX 一边吃纳豆,演奏,BBoxer酋长
BV1ptZAYeE31,周杰伦暗黑系风格歌曲，你都听过那几首,音乐综合,音乐分享君-
BV17RZaYzEJx,"循环歌单 |【牵丝线】""你枯我不曾萎""",音乐综合,音符拾光阁
BV1mXZJYHE4u,Ruby让我爱上了JENNIE，首专即神专！万字乐评JENNIE新专Ruby，又来一枚KPOP年专预备役！,乐评盘点,X1AOKA1God小凯
BV1t8ZCYsECf,第二十九章：恶魔地球！,原创音乐,蓝色星尘2
BV1WvZzYvEHi,“百年一遇的模仿奇才”,音乐现场,符尓摩斯R7
BV1ngZsYxECt,[emo神曲合集]“如果忧郁是种天赋”,音乐综合,挽风丶Sama
BV1nKZnYkELV,一口气带你听完爆火全网的十二首人物进行曲，你更喜欢哪一首呢？,乐评盘点,多巴胺音乐FM
BV1C3fcYhEb6,【邓紫棋的VLOG】I AM GLORIA世界巡玩 之 洛杉矶 & 拉斯维加斯篇,音乐综合,GEM鄧紫棋
BV1EuZnY6EP7,陶喆新專輯❗️這次是真的,音乐现场,陶喆的音乐产房
BV1uxZnYfEgo,真 ·《在真实和荒诞之间起舞》官方MV,MV,蒲熠星
BV1nwZEYqE2B,90后这辈子第一次接受到的鼓励式教育,鬼畜调教,红豆稀饭中
BV1ArZnYUE9a,《晓艳天气预报》,鬼畜剧场,张飞的小迷弟
BV1vVZEYFEDq,“那一天我终于参悟，什么是功夫”,鬼畜剧场,卡拉肖克金
BV1vDZtYRE6d,鬼知道甲亢哥看了几遍,人力VOCALOID,怠惰的一休
BV1tZZWYeERt,二郎显圣真君：回答我！,鬼畜剧场,伊介书生
BV1JjZsYHEHE,哈基米：我无怨无悔,人力VOCALOID,法兰西诗歌剧
BV1ZhZHY5EDQ,换位思考,鬼畜剧场,对抗路第一人
BV1wyZnY2E1R,⚡甲 亢 分 你 一 半⚡,鬼畜调教,自动鬼畜中的WZ
BV1QWZFYzEBd,⚡中 美 往 事⚡,鬼畜剧场,快乐阿依
BV1yCZwYeE8H,⚡️ 甲 亢 彩 虹 小 白 马 ⚡️,鬼畜调教,哦呼w
BV141oXYGE6J,⚡我自己剪的时候也没绷住⚡,人力VOCALOID,Cd怪杰
BV1VaoRYfEZH,【哈基米FM】JOJO哈基之风 黑帮摇,音MAD,65折
BV1auZ5YjEmj,“新时代的画面，像旧时代底片”,人力VOCALOID,深夜摆烂者
BV1zyZ8YqEFR,他们朝我扔粑粑,鬼畜剧场,一根华仔
BV1iAZNYbE9m,警察：证件在这呢！,鬼畜剧场,魔骑墨奇
BV1c4ZyYjEWs,跑操的意义是什么？回答我！,鬼畜剧场,修2
BV1SrZ6YJEe1,我自己剪的时候都没绷住,人力VOCALOID,碧天蓝钻
BV1pmZVYhE7M,⚡“先帝.臣北伐之路好像跳楼机🖐😭🤚”⚡【填词】,人力VOCALOID,入江南a
BV1zvoQYFEbi,【光头强】“到底多够优秀，才能成功获救”『心如止水』,人力VOCALOID,筱虹虹
BV1r6ovYQEBF,阿嫲，我《出山》了,人力VOCALOID,风生菌
BV1N7oiY4Eqn,⚡️ M V P 的 消 失 ！⚡️,鬼畜剧场,浅澄月
BV1M4XhY3Ed6,将这个视频发给你的群主，并什么也不说,鬼畜调教,小桃最可爱了_
BV1TnoQY6EX7,内 个 大 战 内 个,鬼畜剧场,卑鄙的南瓜骨头
BV17CZqYHEtF,炸 的 最 猛 的 一 集,鬼畜剧场,我叫小渔人
BV15dovYrET1,洛洛：霹雳火寂寞了会找网约车吗？,鬼畜剧场,明灯-专注脑洞一百年
BV159ZtY9EKf,"""baby我们鬼畜区好像跳楼机""",人力VOCALOID,爱狂三的星总
BV1tVZcYKEyg,大张伟：甲亢哥你来中国了是吧！,鬼畜剧场,狗子快乐屋
BV1ckQmY3Erc,⚡Look in my eyes⚡,人力VOCALOID,白小鱼s
BV1SuZHYbEkW,我的U盘有CD吗？回答我！,鬼畜剧场,风云熊
BV1ZAodYqEy2,看完不笑YY症,鬼畜剧场,-大大诗喵-
BV16io9YTEqH,《崩坏：星穹铁道》动画短片：「那安息的长夜」,手机游戏,崩坏星穹铁道
BV1HTZpYSExJ,《绝区零》星徽骑士EP丨拂晓之空 闪耀之誓,手机游戏,绝区零
BV1JcZtYFEDq,《鸣潮》0.1版本PV | 缩拉里斯,手机游戏,鸣潮
BV1H5Z4YhEsn,海龟汤（2）,桌游棋牌,高斯Goh
BV1NLZHYxEdH,《ARK no NIGHTS》即将上映,手机游戏,明日方舟
BV1GyZYYNErW,我的世界克苏鲁全集：一口气看完,单机游戏,这名玩家
BV1GEZEYdEwn,《王 牌 空 姐》,单机游戏,老番茄
BV19AZWY3EHr,发个旧视频证明还在永久免费,网络游戏,慕讯公益
BV1eqZJYaESc,“我花了5年一个人做的独立像素游戏4月17日就要上线啦！”,单机游戏,换影循迹官方
BV17tZhYMEDq,射手，我们该算算旧账了！,手机游戏,尴尬的铁根er
BV1qKZzYsECv,最感动结局《说谎公主与盲眼王子》,单机游戏,谢谢我很喜欢丨
BV1bRZWYiEmb,4月1日版本更新速览丨新干员新武器即将加入！,网络游戏,三角洲行动
BV1pJfNYrExn,当我在游戏里为“狙击手”拍照...【绝区零摄影】,手机游戏,语堂天天啃土
BV1j4Z4YpELF,请选择你的穿搭！永劫无间新模式“衣V衣”实机演示,网络游戏,永劫无间官方
BV1EKZnYkEqB,双影奇境 第八期，大结局，鲤鱼Ace解说,单机游戏,鲤鱼Ace
BV1tNfAYVEDT,【崩铁】遐蝶综合测评：死龙一喷！武器对比+抽取建议+配队思路+星魂提升，砍队友型大C,手机游戏,卡特亚
BV1anZnYAERq,牛奶奶才是唯一真神.丨恐怖游戏《地狱钱汤》重制版03,单机游戏,小熊flippy
BV1QTZWYBE8W,还有12小时，我们做了4年的游戏就要上线了……,单机游戏,开放空间官方
BV1T2ZBYuEwV,大合集,网络游戏,和平精英毁约y
BV1VmZqYUE87,就算失败，我也想知道自己倒在距离终点多远的地方,电子竞技,阿喵的小生活
BV1ubZnYoEQY,飞！！雷！！神！！！！,单机游戏,江肥肠
BV17bZhYqEY3,【明日方舟】我成整合运动了？愚人节关卡攻略合集！  |魔法Zc目录,手机游戏,魔法Zc目录
BV1GnZnYAEwx,“可是遐蝶姐姐的手明明很温暖啊...尽情拥抱吧.”【遐蝶×好想爱这个世界啊】,GMV,念北风_
BV1wyZnY2Epy,全新邪门出装——冰冻亚瑟，能推塔能打团,手机游戏,磊哥游戏
BV1ksZHYEEUD,谁懂打一半屏幕上出现好友电话的救赎感？【S渔女】,手机游戏,痒痒请安
BV1AQZ4YKEXu,全球首杀！Phigros新愚人节魔王 Dlyrotz SP All Perfect！,音游,沉默-_-微笑
BV1iFfTYAEGT,"工作时请不要忘记猫咪,否则会出大问题！",单机游戏,与山0v0
BV1aCZHYKEpY,永远在追求极致的鸣潮！“二游有很多难忘瞬间，你游未免太多了吧！”,GMV,哇周某人
BV154Z4YpEid,真刺激，真定档！暗区突围端游国服4月29日正式上线！,网络游戏,暗区突围无限
BV13yZhY4Ey6,蛋仔奖励时间点❗️最全攻略收好❗️,手机游戏,蛋仔派对芒果
BV1B8ZJYTEPg,现代修仙，没钱纯靠自律【自律狠人】【第一季超长电影版】,同人·手书,圆桌动漫
BV1UbZ8YmEP8,【大鸣王潮1566】死告者,同人·手书,寞桀緣才
BV1mSZkYQEGf,《穷鬼的上下两千年》第一集：老夫，秦国白起,同人·手书,吃顾楠的豆饭
BV1q2ZtYtExy,“把怪兽叫来，我让你把怪兽叫来！”,特摄,思瑞弟
BV1dEfKYcENK,以前光顾着看陀螺了！一个角色为啥比动画还火？,动漫杂谈,The梁某人
BV1YTZvYMECW,林宇同居16集 林宇要打苏清雪打屁屁了,同人·手书,喵星打更人
BV1U7ZxYzEkC,【Mujica/完结纪念Mad】心灵感应 :-sakiko,综合,法國香菜
BV1G1ofYiENJ,墨墨尊瞳,同人·手书,严小墨哦
BV1rUZeYnEDg,火柴人大乱斗即将来袭:独属于我们ab圈的2d横版格斗,综合,井上鲸
BV1YcZYYeE7Y,人怎么能犯这么大的蠢,综合,鬼鬼_onioni
BV1kpZhYrEA7,当物理应用成为杀人手段，当现实与虚拟交汇,动漫杂谈,野人少女79
BV1TqZwYzED5,法庭上禁止对嫌疑人用乌鸦坐飞机啊！！！《时空独舞篇》,同人·手书,芦苇十三少
BV199ZtYXEe9,doro：我来助你,MAD·AMV,沐小落luoluo
BV1nUZCYGErd,谁知道小舞的妈妈和比比东的关系呀,MAD·AMV,自然丢了小舞
BV142Z7YmE4y,199元，2斤，带龙！驭意堂 元灵黄帝 合金骨架拼装模型【评头论足】,模玩·周边,-评头论足-
BV1ZKodYvE6V,耗时365个小时，至尊级VIP享受！,MAD·AMV,刺客乌鸦
BV1HLZbYBEXg,【星曈】合约到期 企划换人！,综合,星瞳_Official
BV1PLZ6YMEe7,当课堂出现敏感词时,综合,小叶z1
BV1LHZpYgEPn,“ 卖   药   郎 ”,MAD·AMV,我有两条狗你呢
BV1who6YPEtE,黑胡子有4种不同的牙齿，战斗力&脾气也会随着牙齿的改变而改变,动漫杂谈,阿金很忙
BV1pqZzYPECM,小马の《潮汐》⚡️(完整版),综合,T-wixtor
BV1DAZHYYEoj,《柯南》神秘流浪汉被砸后恢复了记忆，没想到竟惨遭杀身之祸！,动漫杂谈,他说电影
BV1P3ZPYNETK,《微凉提示》傲娇师尊给你的备注竟然是炉鼎！高冷师姐更是要亲你,同人·手书,浮云漫说
BV1yJZHYQEAh,战力对比:哪吒VS敖光！谁强谁弱？,综合,-欧斯-
BV1JWoRYKEHD,你变身成迪迦 在各个奥特曼副本里拯救世界P100,同人·手书,磷火动漫
BV19KZWYuE6W,千百次的训练只为这一刻,综合,我本书剑飘零
BV1WEfNYGEbz,奔跑的一生,同人·手书,圣光老山药
BV1t6oXY1E3n,【鸣潮】为了翡萨烈家族的血脉，我漂泊者义不容辞呀！！！,同人·手书,NZ75鸽
BV1sYZrYyEaM,【Evil】这就是我的精神状态,综合,Vedal和Neuro-sama
BV1XMZxY1Esx,奥美迦奥特曼首次公开登场！,特摄,Milk缪客
BV1JhZcY9EFN,需要喝自己胆汁的小女孩珍珍，希望以后的生活苦味追不上你,亲子,爱画画的子衿
BV1DtZCYdEH8,你不知道美国人其实有多爱中餐…,日常,KerryDowdle
BV1fpZ6YaE47,女儿：爸爸妈妈要结婚啦？,日常,肥娟小吃
BV1AiZEY5Etd,《虎门抽烟》,搞笑,伤心欲茄222
BV1TfZcYvEs6,陪伴我10年的员工离开了....,搞笑,逗比的雀巢
BV16WZJY3EwM,《学 生 最 不 爽 的 一 集》,搞笑,进击的金厂长
BV1kPZCYGE45,买假面骑士被骗，还被嘲讽多补补脑子！,日常,川烈
BV1GWZnYcEsu,父亲的爱，总是无声的。,搞笑,古泽源
BV1cuZwYZEZr,这个视频的艺术成分有三四层楼那么高,日常,中国警察网
BV1uhZnYxEKR,哇！南瓜乐园越来越眼熟了！！！！#4,出行,超果果mc
BV19jZ8YdExb,莲雾吃出虫！正常现象？没打药？还是？【主播说三农】,三农,央视农业
BV1byZJYoE2L,这个故事让我哭得像个易摆拔十斤的傻子！！！,日常,聊点什么叭
BV1h6ZJY8ErK,大家帮我谴责刚子，这期不算呜呜呜,搞笑,_张天琪
BV1xsZqYeEE1,巴啦啦小魔仙大战舞法天女,搞笑,蒋丞_
BV1ezZJYcEaT,四大ikun集结，能否挽救坤蛋危机？,搞笑,汤姆的混乱空间
BV12DZ6YVEkB,四蛋斗到底！首发6连胜拿下冠军，这波操作你打几分？,日常,最桀桀
BV1cqZzYNE6X,【MIN】六分钟看完哪吒2,绘画,MIN_匿名
BV1JwZ8YTECV,哈哈哈哈音乐卧底,搞笑,小歪很拽
BV1z7Z4YbE4u,百日绘1-8天汇总！,绘画,Kieed
BV1x4ZqYAEYx,零帧起手！你怎么防？！,搞笑,机智的呆狗
BV1dJZCYwEKg,你真的用好外卖小哥了吗？,搞笑,朱山浪
BV1HpZhYrELQ,备战朝鲜马拉松的一天,日常,叫我中单就好了
BV1V1ZcY5ESQ,《所罗门群岛》第2集：这次挑战太野了，不仅被鳄鱼赶下岛，还与鲨鱼群斗智斗勇长达数小时！,出行,OK哥环球探海记
BV1mafKYHESz,办公室里的恶趣味,搞笑,李万基fit
BV1uiZsYBEZC,马来西亚留学生，斋月放假睡觉被隔壁爆炸惊醒,日常,六石SixStone
BV1XVZzYSEH4,挑战去小学当一天学生？我来到了地图上都找不到的深山小学！,搞笑,我是E噔
BV1TeZnYWErJ,第1集：不遵守校规，就会被规则抹除！,搞笑,椰丝乌拉
BV152ZqYJEz2,《月入8万精致女生露营赏析》：逆天！拿水管喷水假装暴雨？！,搞笑,正经的老邪
BV1jGZnYBEj5,那个说拿命护你的人还在吗,搞笑,宋云生-
BV1aBZbYXEft,模仿一些老师吃尽时代红利的慵懒感汉王clear7 turbo,搞笑,港妹妹join
