bvid,title,tags,author,interest,value,ts
BV1tLth6rE1n,他，凭什么成为中华民国的国父？【历史调研室105】,民国、历史、孙中山、政治,历史调研室,5,3,2026/9/8 17:26
BV1NkbP6wEv9,为什么是泰山石敢当,泰山、历史,许右史,4,1,2026/9/8 17:26
BV1U23k6cEKD,【提示词全解】多模态反推（TextGenerate）,comfyui、提示词、绘图,雷昂_Lion,4,5,2026/9/8 17:26
BV1JDTC6CEad,A股为何只能做多，不能做空？,股市、A股、历史、政治,山河有声,5,5,2026/9/8 17:26
BV1iq3Z6pE1z,美日操纵汇率和我们大额存单，目标只有一个,股市、A股、历史、政治,笨鸟不会飞怎么飞,5,3,2026/9/8 17:26
BV13aKnzCEfU,死一样的哈过，死一样的抽过2000w播放纪念版,音乐、鬼畜、哈基米,清风最梦,5,3,2026/9/8 17:26
BV1notqeqEgi,五脏排浊呼吸法详解,道家、养生、修行,武当袁慎锐,4,3,2026/9/8 17:26
BV1Eb6CB9Ehu,"《心经》260字逐句詳解，帶你從掛礙到涅槃,破解宇宙與人生的底層代碼。",佛经、开悟、人生、觉醒、哲学,菁华咀嚼,5,5,2026/9/8 17:26
BV1ZJwbezEsY,全缝完了！魂味太冲！吐槽被魂5取消的魂4《远古王座》mod！,游戏、娱乐、解压,XDC城北徐公,3,4,2026/9/8 17:26
BV1Aj8DzzE42,这个数学模型（几乎）能预测宇宙万物,数学、数学模型、规律、哲学,Veritasium真理元素,4,4,2026/9/8 17:26
BV1qbfZYLEvJ,史上引用量最高的论文揭示了什么宇宙秘密？时空是源于量子纠缠吗？这就是它为什么可以超光速的原因,物理学、宇宙、量子力学、超光速、科幻想象、科普,新石器公园,4,5,2026/9/8 17:26
BV1wWfDYiEUi,【深度解析】自动驾驶烧了1000亿，发生了什么？,历史、回顾、汽车、自动驾驶,所长Wy,3,3,2026/9/8 17:26
BV1oC4y1k7iT,我们的上一秒去哪了？从狭义相对论到广义相对论，理解时间究竟是什么,科学、爱因斯坦、相对论、时间、科普,想象研究所,3,5,2026/9/8 17:26
BV18j411i7bp,什么代码让程序员之神感叹“卧槽”？改变游戏行业的平方根倒数算法,大神、计算机、算法、游戏、历史、编程,量子位,3,3,2026/9/8 17:26
BV1o7421K7pY,【挑战毕导】停机悖论三句话就能证明不完备性定理？,科普、数学、哲学、代码、设计,漫士沉思录,3,4,2026/9/8 17:26
BV1NCgVzoEG9,【闪客】一小时从函数到 Transformer,科普、人工智能、神经网络、教程,飞天闪客,3,3,2026/9/8 17:26
BV1aPbv6bErh,土地的枷锁，后发国家的现代化困局,政治、经济、土地改革、历史、人文,宣传委员凌凌,4,3,2026/9/8 17:26
BV1D7i1BNEFG,诸子百家，知识垄断的崩塌。,读书、历史、人文、中国、古代,幸之-写字的人,3,4,2026/9/8 17:26
BV1JhqVBFEC5,【邓小平】我送了几十万学生去西方留学——有人说我疯了，怕他们不回来,历史、读书、人文、邓小平、改革开放,秋墨读书,3,4,2026/9/8 17:26
BV1HGyEBPE4W,大儒辩经指南：如何合理化资本在苏联的发展？,幻想、历史、人文、政治、马克思主义、资本主义、知识,老放头_,4,4,2026/9/8 17:26
BV1zPbRzgEVn,做决定的能力，和不解释的勇气（万字解析）：五个阶段建立好主体性（上篇）,心理学、哲学、成长、主体性,林中路上的Curl,5,3,2026/9/8 17:26
BV1xPgVzWETq,态度：我们赖以生存的最大bug【人性矩阵07】,心理学、元认知、态度,何夕夕与书,5,3,2026/9/8 17:26
BV1Zx4y1Z7w6,【鬼谷闲谈】香蕉：在修罗魔道中修成正果,历史、人文、植物学、科普,芳斯塔芙,5,5,2026/9/8 17:26
BV1K541117a4,【硬核社会学】前后三十年，中国叙事和道路选择的矛盾,历史、方向、人文、政治、改革开放、中国,学院派Academia,4,4,
BV1qKwFedEBm,米塔の小曲 有前奏无Rap版 前奏后纯音乐 Lightning moment,音乐、剪辑、娱乐、纯音乐,土豆猫耶,3,5,
BV13R3CzREac,手碟版《星际穿越》，请听完。（编曲是我的老师“朕日理万基逗号友”）我只是演奏的人。,音乐、纯音乐,Hang蝶,2,4,
BV1N24y1U73t,时代，前进！（2022.12.11）,音乐、演奏、纯音乐、交响乐,军礼的欢呼,2,5,
BV1C3ivBbEnF,谁中招了？,二次元、美少女、cosplay,椰浆毛毛虫,5,2,
BV1dK4y1f7NK,【我和我的家乡 电影幕后纪实节目】彩蛋 黄渤手工耿试用分分合合床,人文·历史,哔哩哔哩纪录片,3,3,2026-09-10 16:32:07
BV1Ty4y1C7tf,【纪录片】故宫新事 第一集 文物搬家,人文·历史,故宫博物院,3,3,2026-09-10 16:32:09
BV1EPZEYKEvW,垃圾场上的妙妙屋【日本世博会】,人文历史,队友去质器,3,3,2026-09-10 16:32:13
BV12sZqYeEvD,铁甲小宝当年没发现的细节，暴走轮子嫌疑犯,人文历史,燚病毒,3,3,2026-09-10 16:32:14
BV1gEodYtEBL,小米良心 or 偷偷减配？报废级拆解小米中央空调,数码,先看评测,3,3,2026-09-10 16:32:16
BV1cUoDYaEdb,语音、画图、PPT、联动全网，我这个完美版的DeepSeek，你们都没有用过！,软件应用,玄离199,1,1,2026-09-10 16:32:24
BV1ha4y1L7CK,【我和我的家乡 电影幕后纪实节目】王源变身土味导游，差点没认出来,人文·历史,哔哩哔哩纪录片,1,1,2026-09-10 16:32:27
BV1ezZJYcEaT,四大ikun集结，能否挽救坤蛋危机？,搞笑,汤姆的混乱空间,1,1,2026-09-10 16:32:37
BV1iFfTYAEGT,"工作时请不要忘记猫咪,否则会出大问题！",单机游戏,与山0v0,1,1,2026-09-10 16:32:54
BV1t8ZCYsECf,第二十九章：恶魔地球！,原创音乐,蓝色星尘2,3,3,2026-09-10 16:33:12
BV1BtZJYBE4G,震撼世界的72天：巴黎公社为何爆发？又为何失败？【历史调研室71】,人文历史,历史调研室,3,3,2026-09-10 16:33:21
BV1fpZ6YaE47,女儿：爸爸妈妈要结婚啦？,日常,肥娟小吃,1,1,2026-09-10 16:33:23
BV1ksZHYEEUD,谁懂打一半屏幕上出现好友电话的救赎感？【S渔女】,手机游戏,痒痒请安,1,1,2026-09-10 16:33:30
BV1ThZnYxEZi,被架空的皇帝能一刀捅死权臣吗,人文历史,许右史,3,3,2026-09-10 16:33:59
BV1tDZJYXEJH,【十大产业】中国石化产业：最深的道路，最后的顽石（下）,科学科普,温竣岩,3,3,2026-09-10 16:34:04
BV1x9ZJYDEot,拳打文在寅，脚踩尹锡悦，热血老头李在明的晋升之路,人文历史,卢克文工作室,3,3,2026-09-10 16:34:05
BV1QJodYdEWV,如何在人质营救行动中、用“拐弯枪”来扭转不利战局？,科学科普,白菜和杜比,1,1,2026-09-10 16:34:11
BV1e9Z8YhEz3,马斯克突然辞职，但凡当初看点中国历史，也不至于被犹太人算计而不自知,财经商业,财才说,1,1,2026-09-10 16:34:14
BV1VaoRYfEZH,【哈基米FM】JOJO哈基之风 黑帮摇,音MAD,65折,3,3,2026-09-10 16:34:16
BV1t1Z4YgEcM,【SMTR25】SMTR25 Introduction film_松河,MV,SMTR25,1,1,2026-09-10 16:34:30
